Amount,AccountBalance,AnomalyScore,balance_diff,suspicious_flag,type_transfer,type_cashout,FraudIndicator
55.53033443,2869.689912,0.686699464,2814.15957757,1,0,0,0
12.88118019,9527.947107,0.081748871,9515.06592681,1,0,0,0
50.17632152,9288.355525,0.02385683,9238.17920348,1,0,0,0
41.63400105,5588.049942,0.876994348,5546.41594095,1,0,0,0
78.12285327,7324.785332,0.034058773,7246.662478730001,1,0,0,0
86.94708413,3152.247787,0.121172899,3065.30070287,1,0,0,0
51.14709648,9253.478917,0.109891676,9202.331820520001,1,0,0,0
56.16398431,8765.035861,0.780534207,8708.87187669,1,0,0,0
37.18241172,8935.007146,0.010470905,8897.82473428,1,0,0,1
17.24540904,5541.197921,0.02937627,5523.95251196,1,0,0,0
86.18094791,4344.549864,0.083455395,4258.368916089999,1,0,0,0
95.55400892,2670.113015,0.451734945,2574.55900608,1,0,0,0
47.13851441,2685.942365,0.44480312,2638.80385059,1,0,0,0
98.80425008,6735.159471,0.997339633,6636.35522092,1,0,0,0
99.83263446,2685.942365,0.8279264,2586.10973054,1,0,0,0
20.73503915,1847.326392,0.45594737,1826.59135285,1,0,0,0
44.54511885,7989.117483,0.078616969,7944.57236415,1,0,0,0
27.05493667,9960.172528,0.532820295,9933.11759133,1,0,0,0
13.61551916,8326.149989,0.252012286,8312.53446984,1,0,0,1
20.80228964,9103.487494,0.279158608,9082.685204360001,1,0,0,0
36.04360522,8830.491513,0.675940712,8794.44790778,1,0,0,0
99.1004274,7288.036638,0.124228478,7188.9362106,1,0,0,0
85.42017819,8486.464783,0.19532639,8401.04460481,1,0,0,0
84.05328459,7833.796203,0.617289802,7749.74291841,1,0,0,0
50.25861245,4384.800512,0.244353038,4334.5418995499995,1,0,0,0
52.59392865,1820.938586,0.48707029,1768.34465735,1,0,0,0
20.48932094,9934.498597,0.422735998,9914.00927606,1,0,0,0
12.39744274,4845.969184,0.838064383,4833.57174126,1,0,0,0
25.33480349,4584.987688,0.463340571,4559.65288451,1,0,0,0
70.07512698,7288.036638,0.64660001,7217.961511019999,1,0,0,0
92.61930298,2805.311996,0.02864515,2712.6926930199998,1,0,0,0
77.72694417,8330.438296,0.113955707,8252.711351830001,1,0,0,0
59.35099004,3767.557888,0.790491985,3708.20689796,1,0,0,0
61.34763595,3038.909607,0.496141397,2977.56197105,1,0,0,0
60.47401633,7624.565427,0.02342486,7564.09141067,1,0,0,0
42.20773348,6742.168051,0.105618427,6699.96031752,1,0,0,0
71.26856792,3545.727576,0.117361369,3474.4590080800003,1,0,0,0
46.21498241,2934.809838,0.682579996,2888.59485559,1,0,0,0
14.63168949,5655.630626,0.938484554,5640.99893651,1,0,0,0
80.53777563,5402.92085,0.532609127,5322.38307437,1,0,0,0
47.87485135,6631.372808,0.319477766,6583.49795665,1,0,0,0
85.10981611,7685.510723,0.21494584,7600.40090689,1,0,0,0
55.81926586,1693.073846,0.567270538,1637.25458014,1,0,0,0
86.97191974,4853.02438,0.766330004,4766.05246026,1,0,0,0
69.75758075,3307.317156,0.707631887,3237.55957525,1,0,0,0
79.35791579,8228.897853,0.99233785,8149.53993721,1,0,0,0
72.74250983,6608.386988,0.531697064,6535.64447817,1,0,0,0
17.64056948,8791.304689,0.032240268,8773.66411952,1,0,0,0
30.79372808,6552.420255,0.006120114,6521.62652692,1,0,0,1
61.3529794,9258.312698,0.044725292,9196.9597186,1,0,0,0
42.07616321,5084.274001,0.918156008,5042.1978377899995,1,0,0,0
90.81333791,2897.001044,0.055545578,2806.18770609,1,0,0,0
42.08401695,7264.807041,0.568720188,7222.72302405,1,0,0,0
87.77609114,1308.381737,0.111627455,1220.6056458599999,1,0,0,0
62.13088123,8236.476448,0.629420175,8174.345566769999,1,0,0,0
83.15175522,3612.869038,0.504756225,3529.71728278,1,0,0,0
49.72378631,1670.49309,0.712486079,1620.76930369,1,0,0,0
13.08174128,9246.516979,0.623291366,9233.43523772,1,0,0,0
28.62756065,7545.026043,0.688946088,7516.3984823499995,1,0,0,0
82.91599923,9996.991525,0.701212812,9914.07552577,1,0,0,0
76.11459128,8792.097099,0.381752281,8715.98250772,1,0,0,0
66.56159118,4468.344079,0.447881755,4401.782487820001,1,0,0,0
50.5171143,4756.907985,0.769013213,4706.3908707,1,0,0,0
55.16274495,7541.198869,0.339129187,7486.03612405,1,0,0,0
78.33451389,3039.514205,0.095193896,2961.17969111,1,0,0,0
51.41448798,7794.946322,0.107290687,7743.53183402,1,0,0,0
81.34788954,3507.492645,0.169625926,3426.14475546,1,0,0,0
95.23140544,4483.1563,0.546720468,4387.924894559999,1,0,0,0
87.15831943,3976.339147,0.713295607,3889.18082757,1,0,0,0
78.69681169,2518.738874,0.218939389,2440.04206231,1,0,0,0
23.80623682,5544.569289,0.55214393,5520.76305218,1,0,0,0
57.31615922,7665.93245,0.161772859,7608.61629078,1,0,0,1
67.92604331,7990.33562,0.686013569,7922.40957669,1,0,0,0
16.2634488,5037.207239,0.957373587,5020.9437902,1,0,0,0
13.42002255,4152.721122,0.784294719,4139.30109945,1,0,0,0
42.76855555,6987.997844,0.4885878,6945.22928845,1,0,0,0
41.21158342,2957.760054,0.217890507,2916.54847058,1,0,0,0
58.13859006,3816.962495,0.394130911,3758.8239049400004,1,0,0,0
14.63466416,3715.769255,0.608512343,3701.1345908400003,1,0,0,0
19.13759152,5766.570781,0.02555859,5747.433189480001,1,0,0,0
29.83486576,5703.04283,0.200799196,5673.20796424,1,0,0,0
38.43137755,9411.508717,0.084979207,9373.077339450001,1,0,0,0
18.11076187,5275.945466,0.01487693,5257.83470413,1,0,0,0
22.97242859,8278.713188,0.850090875,8255.74075941,1,0,0,0
22.45289288,3434.612875,0.885838025,3412.1599821199998,1,0,0,0
70.51131967,6741.429339,0.661917047,6670.91801933,1,0,0,0
78.55221407,2873.839987,0.708639971,2795.28777293,1,0,0,0
35.60124184,9467.312251,0.036556438,9431.711009159999,1,0,0,0
26.00722368,4962.283527,0.440290753,4936.27630332,1,0,0,0
85.36034194,8710.760047,0.000233707,8625.39970506,1,0,0,0
48.09673926,9885.267204,0.53258057,9837.17046474,1,0,0,0
29.0341094,8804.517944,0.11038652,8775.4838346,1,0,0,0
98.1468594,7560.730129,0.190179869,7462.5832696,1,0,0,0
79.77488953,5042.199848,0.460407875,4962.42495847,1,0,0,0
50.3959204,2077.514821,0.635149892,2027.1189006000002,1,0,0,1
98.50268585,2569.129234,0.495002455,2470.62654815,1,0,0,0
18.16684547,5101.105372,0.304071879,5082.93852653,1,0,0,0
55.88720399,7149.964405,0.291574944,7094.07720101,1,0,0,0
76.84342858,9510.171444,0.241947664,9433.32801542,1,0,0,0
13.09722278,2045.057996,0.337485994,2031.96077322,1,0,0,0
58.92390638,9545.474869,0.960397629,9486.55096262,1,0,0,0
61.6589947,2706.148888,0.26458006,2644.4898933,1,0,0,0
12.45863527,7900.2424,0.333281988,7887.78376473,1,0,0,0
16.65104227,6131.253863,0.339852362,6114.60282073,1,0,0,0
64.17988754,8722.686489,0.222304479,8658.50660146,1,0,0,0
13.91509989,2240.517799,0.421563512,2226.6026991100002,1,0,0,0
58.08497529,8430.986519,0.366454552,8372.90154371,1,0,0,0
96.81058586,7085.442721,0.891327366,6988.63213514,1,0,0,0
48.73795925,5588.049942,0.782427746,5539.3119827499995,1,0,0,0
44.24378825,3046.120485,0.006331516,3001.87669675,1,0,0,0
22.58604799,3454.648531,0.686480244,3432.0624830099996,1,0,0,0
40.47944602,1783.739009,0.290569093,1743.2595629799998,1,0,0,0
74.44395712,4018.773274,0.378773048,3944.32931688,1,0,0,0
77.57986716,7450.419004,0.838471946,7372.839136840001,1,0,0,0
40.6397918,9319.481714,0.85487172,9278.8419222,1,0,0,0
62.92191155,1111.772167,0.430910008,1048.85025545,1,0,0,0
43.70363742,7025.452027,0.862686785,6981.748389580001,1,0,0,0
56.60485657,7192.646432,0.923014689,7136.041575429999,1,0,0,0
17.72987463,8473.630816,0.852142732,8455.90094137,1,0,0,1
68.83486745,9728.588504,0.042807119,9659.75363655,1,0,0,0
32.34210737,1883.486735,0.745971535,1851.14462763,1,0,0,0
87.56655198,4121.316625,0.589366559,4033.7500730200004,1,0,0,0
70.83894726,8773.95694,0.269505805,8703.11799274,1,0,0,1
26.52979093,4631.532992,0.413697506,4605.003201070001,1,0,0,0
88.2045675,3334.187888,0.792079862,3245.9833205,1,0,0,0
55.2028916,8363.065543,0.407731666,8307.8626514,1,0,0,0
55.48555001,6363.937936,0.54700653,6308.45238599,1,0,0,0
39.19964508,1947.17342,0.64870369,1907.97377492,1,0,0,0
49.8728689,6441.933113,0.865739711,6392.0602441,1,0,0,0
12.47335504,2854.186623,0.60674783,2841.71326796,1,0,0,0
75.9925365,8017.715824,0.54392235,7941.7232875,1,0,0,0
65.03159711,7925.082131,0.194431445,7860.05053389,1,0,0,0
92.36972522,5724.611458,0.050784081,5632.24173278,1,0,0,0
33.80095789,4661.555926,0.675284476,4627.75496811,1,0,0,0
14.5645152,8603.321935,0.351812063,8588.7574198,1,0,0,0
70.85855069,7273.982376,0.686264785,7203.12382531,1,0,0,0
80.7731617,4096.117607,0.166292053,4015.3444453,1,0,0,0
39.82540299,4490.14401,0.107425556,4450.31860701,1,0,0,0
12.18460187,4020.714312,0.065346361,4008.5297101300002,1,0,0,0
36.9412543,5541.197921,0.781759019,5504.2566667,1,0,0,0
61.41387642,3797.734536,0.671085348,3736.3206595799998,1,0,0,0
74.95521382,5179.000965,0.521840026,5104.0457511800005,1,0,0,0
86.47644807,7476.98918,0.008391558,7390.51273193,1,0,0,0
44.58604612,2934.809838,0.264304745,2890.22379188,1,0,0,0
45.94470336,4396.076926,0.769524369,4350.13222264,1,0,0,0
86.17240479,6737.496078,0.096384987,6651.32367321,1,0,0,0
19.68849651,9784.736554,0.590782562,9765.04805749,1,0,0,0
79.52197138,8979.728844,0.599691073,8900.20687262,1,0,0,0
10.86384497,6550.062414,0.076987388,6539.19856903,1,0,0,1
15.24013555,7288.036638,0.982727037,7272.79650245,1,0,0,0
46.26565187,9253.478917,0.698394497,9207.21326513,1,0,0,0
10.64214063,9148.652759,0.786485035,9138.01061837,1,0,0,0
40.52631372,7347.086687,0.860893974,7306.56037328,1,0,0,0
55.74925986,6405.360524,0.036325359,6349.61126414,1,0,0,0
80.68702882,4018.773274,0.152484889,3938.0862451800003,1,0,0,0
58.7810534,7080.103439,0.195162305,7021.3223856,1,0,0,0
93.21260497,7588.282626,0.753583804,7495.07002103,1,0,0,0
48.93431687,5302.392311,0.001311236,5253.45799413,1,0,0,0
75.8489697,1824.800521,0.068610817,1748.9515513,1,0,0,0
99.24329386,9084.791659,0.799903051,8985.54836514,1,0,0,1
97.62385249,4805.277796,0.812832605,4707.65394351,1,0,0,0
68.36222224,9674.062164,0.130345312,9605.69994176,1,0,0,1
52.74055838,1236.384946,0.896164898,1183.6443876199999,1,0,0,0
88.7572885,4575.522471,0.329252846,4486.7651825,1,0,0,0
70.65807372,4843.290416,0.063965262,4772.63234228,1,0,0,0
16.56039638,3712.16591,0.172967878,3695.6055136200002,1,0,0,0
36.87248197,9855.674628,0.957948101,9818.80214603,1,0,0,0
37.97774881,4219.355106,0.839889036,4181.37735719,1,0,0,0
37.40762141,7941.847202,0.638143232,7904.43958059,1,0,0,0
27.45989544,2249.683841,0.429770566,2222.22394556,1,0,0,0
16.46882448,8704.182255,0.44912317,8687.71343052,1,0,0,0
95.81318707,6987.997844,0.418865584,6892.1846569300005,1,0,0,0
63.47667766,6121.739351,0.956696054,6058.26267334,1,0,0,0
97.06552052,8827.782393,0.796299372,8730.71687248,1,0,0,1
13.59221031,8198.178339,0.357820896,8184.58612869,1,0,0,0
18.04295486,8007.840813,0.358169106,7989.79785814,1,0,0,0
57.40080966,4450.429069,0.366330551,4393.02825934,1,0,0,0
91.89645671,7604.035813,0.479741809,7512.13935629,1,0,0,0
67.30165835,6631.372808,0.80599535,6564.07114965,1,0,0,0
79.45616782,7288.036638,0.446695006,7208.58047018,1,0,0,0
74.5937657,4483.1563,0.148058285,4408.562534299999,1,0,0,0
90.05004587,2169.425935,0.730449485,2079.3758891300004,1,0,0,0
71.65549551,7962.410275,0.966645464,7890.75477949,1,0,0,0
76.74484865,6166.294346,0.934526599,6089.54949735,1,0,0,0
30.73140745,3495.32036,0.871377898,3464.58895255,1,0,0,0
13.94613718,9255.451757,0.088722489,9241.50561982,1,0,0,0
86.27614398,4886.010825,0.380486728,4799.734681020001,1,0,0,0
39.15191297,7085.442721,0.599707629,7046.29080803,1,0,0,0
63.75541221,8557.608089,0.05258412,8493.85267679,1,0,0,0
13.93665698,4998.111233,0.13241308,4984.174576019999,1,0,0,0
39.27911887,6808.655942,0.281616992,6769.37682313,1,0,0,0
61.2928509,1795.328227,0.036140127,1734.0353761,1,0,0,0
61.58502548,8924.925317,0.964499106,8863.340291519999,1,0,0,0
25.80762678,1417.691111,0.176408367,1391.8834842200001,1,0,0,0
60.16279501,7515.210695,0.829296851,7455.04789999,1,0,0,0
73.95115481,2424.450317,0.155644685,2350.49916219,1,0,0,0
41.60066615,4265.273573,0.783129714,4223.672906850001,1,0,0,0
77.50218978,8662.854279,0.450737172,8585.35208922,1,0,0,0
60.7007598,3183.466494,0.354091137,3122.7657341999998,1,0,0,1
10.86708774,4220.470749,0.654357969,4209.60366126,1,0,0,0
78.69908199,5160.483332,0.092469867,5081.78425001,1,0,0,0
13.56299126,6631.372808,0.86354396,6617.80981674,1,0,0,0
61.40287559,4121.316625,0.645980808,4059.9137494100005,1,0,0,0
68.40522341,4091.678054,0.103205929,4023.27283059,1,0,0,0
59.45638924,7695.154348,0.781116511,7635.69795876,1,0,0,0
94.5707514,6746.98879,0.386784865,6652.418038600001,1,0,0,0
81.56433192,8403.773667,0.274110001,8322.209335079999,1,0,0,0
58.42056073,5729.012454,0.314407995,5670.59189327,1,0,0,0
48.04486291,8430.986519,0.28833735,8382.94165609,1,0,0,0
27.51230202,8091.736702,0.322798084,8064.22439998,1,0,0,0
67.03130271,7604.035813,0.970049125,7537.00451029,1,0,0,0
78.56207411,5745.088291,0.858185998,5666.52621689,1,0,0,1
81.95667522,7649.649301,0.446327303,7567.6926257800005,1,0,0,0
66.2227877,7085.442721,0.116863115,7019.219933300001,1,0,0,0
43.28842594,4384.800512,0.247320005,4341.51208606,1,0,0,0
91.44727684,4674.919671,0.04985836,4583.47239416,1,0,0,0
98.68616371,7405.683379,0.485599952,7306.99721529,1,0,0,0
84.03821815,2137.201057,0.086575833,2053.1628388500003,1,0,0,0
26.70590374,4206.19949,0.857619942,4179.49358626,1,0,0,0
95.66715462,9545.474869,0.307393931,9449.80771438,1,0,0,0
53.8479795,5713.487344,0.210648526,5659.6393645,1,0,0,0
67.75664736,2262.489052,0.059029299,2194.73240464,1,0,0,0
68.86554661,5058.355133,0.017716041,4989.48958639,1,0,0,0
32.33436858,1384.666674,0.68149805,1352.33230542,1,0,0,0
87.01593245,3302.010949,0.985410519,3214.99501655,1,0,0,0
34.5281136,2394.859954,0.762204859,2360.3318404,1,0,0,0
72.13258352,2240.517799,0.939216166,2168.38521548,1,0,0,1
55.79769592,2989.819267,0.188333858,2934.02157108,1,0,0,0
26.44706544,4381.287524,0.258941441,4354.84045856,1,0,0,0
99.71923371,4718.536567,0.958561333,4618.8173332900005,1,0,0,0
39.30443809,9760.428571,0.474519703,9721.124132910001,1,0,0,0
48.95945027,4020.714312,0.327913222,3971.75486173,1,0,0,0
98.73461898,1238.122719,0.045247638,1139.38810002,1,0,0,0
69.33327246,6722.285664,0.893478987,6652.95239154,1,0,0,0
65.34894374,7475.015619,0.912297399,7409.6666752599995,1,0,0,0
69.82507208,7376.854107,0.403826432,7307.02903492,1,0,0,0
46.17260059,5745.088291,0.894439927,5698.91569041,1,0,0,0
55.20400597,1795.328227,0.089740413,1740.12422103,1,0,0,0
53.97929249,8430.986519,0.335185763,8377.00722651,1,0,0,0
45.00641712,5096.276615,0.572268184,5051.27019788,1,0,0,1
27.18554243,9443.195845,0.27209368,9416.010302570001,1,0,0,0
25.42051713,7872.506549,0.515765493,7847.08603187,1,0,0,0
48.25294918,6915.090133,0.134472412,6866.83718382,1,0,0,0
38.65841154,1617.125777,0.174584251,1578.4673654599999,1,0,0,0
66.64627231,2524.244091,0.218879876,2457.59781869,1,0,0,0
67.64191353,1848.98564,0.218778676,1781.34372647,1,0,0,0
95.63285443,2295.865935,0.786697774,2200.23308057,1,0,0,0
81.69004136,5626.572877,0.00658986,5544.88283564,1,0,0,0
60.72469492,8645.383186,0.027117354,8584.65849108,1,0,0,0
60.55808101,8723.861427,0.870231178,8663.30334599,1,0,0,0
38.53310954,6284.739666,0.64936662,6246.206556460001,1,0,0,0
39.64193471,6282.241817,0.707481159,6242.59988229,1,0,0,0
52.32859081,1538.03304,0.510508167,1485.70444919,1,0,0,0
61.15704513,1824.800521,0.281707456,1763.64347587,1,0,0,0
74.41673715,4754.880202,0.814211345,4680.4634648500005,1,0,0,0
16.70607949,3046.120485,0.763393585,3029.41440551,1,0,0,0
23.74031905,7268.82735,0.555628031,7245.08703095,1,0,0,0
72.19579593,7777.442049,0.455899096,7705.24625307,1,0,0,0
63.92237414,7417.757201,0.275612963,7353.83482686,1,0,0,0
32.12173424,9608.404562,0.34851838,9576.28282776,1,0,0,0
61.32263139,9927.157719,0.991626339,9865.835087610001,1,0,0,0
54.47433021,2240.517799,0.387238275,2186.04346879,1,0,0,0
27.3369404,5185.762082,0.217542641,5158.425141600001,1,0,0,0
31.30582519,3227.699686,0.202206374,3196.3938608099998,1,0,0,0
41.54205963,5179.000965,0.493308319,5137.45890537,1,0,0,0
32.85924468,3238.184097,0.612033514,3205.32485232,1,0,0,0
71.23473259,9510.171444,0.327654541,9438.93671141,1,0,0,0
26.61945951,6991.289067,0.864097225,6964.66960749,1,0,0,0
56.2795873,7030.677982,0.740778862,6974.3983947,1,0,0,0
79.53936402,1656.961894,0.607752002,1577.42252998,1,0,0,0
36.75441407,5930.219714,0.620899111,5893.46529993,1,0,0,1
58.17973708,2462.046546,0.04434239,2403.86680892,1,0,0,1
28.30389997,7327.564,0.40316133,7299.26010003,1,0,0,0
35.92410077,3903.794554,0.950762883,3867.87045323,1,0,0,0
78.31270714,4025.340053,0.732851722,3947.02734586,1,0,0,0
35.05265258,9246.516979,0.78344978,9211.46432642,1,0,0,0
70.79730571,8961.011692,0.41853926,8890.21438629,1,0,0,0
61.10932034,9608.404562,0.652001606,9547.29524166,1,0,0,0
56.75461699,8720.210863,0.612971594,8663.45624601,1,0,0,0
16.21986005,6685.598454,0.770159801,6669.37859395,1,0,0,0
10.80241294,2524.244091,0.717356874,2513.44167806,1,0,0,0
66.5700245,9938.922919,0.586759535,9872.3528945,1,0,0,0
26.1339922,3402.333161,0.562189647,3376.1991688,1,0,0,0
17.31735493,7708.879304,0.703766768,7691.56194907,1,0,0,0
75.32446317,9012.48065,0.26497635,8937.15618683,1,0,0,0
30.76847777,6238.20632,0.119439939,6207.437842230001,1,0,0,0
57.45622414,4470.138106,0.58737649,4412.68188186,1,0,0,0
73.30329705,6552.817253,0.825686913,6479.51395595,1,0,0,0
96.2332142,4115.718544,0.757282917,4019.4853298000003,1,0,0,1
77.30466543,7732.131278,0.919952047,7654.82661257,1,0,0,0
62.77388545,9035.12333,0.894686497,8972.34944455,1,0,0,0
56.55035975,4878.871298,0.396400987,4822.32093825,1,0,0,0
91.37503293,2924.235911,0.296190375,2832.86087807,1,0,0,0
35.15145131,5359.74781,0.401232954,5324.59635869,1,0,0,0
34.52085974,6847.490921,0.797905003,6812.97006126,1,0,0,0
95.32857785,3302.010949,0.687992652,3206.68237115,1,0,0,0
51.40358574,5323.113544,0.740551881,5271.709958259999,1,0,0,0
20.66255753,8704.182255,0.358552761,8683.51969747,1,0,0,0
53.65543294,9411.508717,0.261060847,9357.85328406,1,0,0,0
46.2432624,6383.377145,0.491499782,6337.1338826,1,0,0,0
42.30380191,8791.304689,0.052527427,8749.00088709,1,0,0,0
98.06620816,3712.16591,0.126789301,3614.0997018400003,1,0,0,0
61.98793645,7871.385911,0.690766946,7809.39797455,1,0,0,0
15.08358251,4025.340053,0.831704277,4010.25647049,1,0,0,0
79.21418527,8198.178339,0.371873764,8118.96415373,1,0,0,0
14.32561896,7244.499732,0.131599399,7230.1741130400005,1,0,0,0
74.04598057,4900.652704,0.269449435,4826.60672343,1,0,0,0
13.77539183,2410.574677,0.767732035,2396.79928517,1,0,0,0
20.77344494,6608.386988,0.115080294,6587.61354306,1,0,0,0
76.94851056,4624.660779,0.083805641,4547.71226844,1,0,0,0
27.45311649,9121.230251,0.006969584,9093.77713451,1,0,0,0
61.47768761,7585.899378,0.285994427,7524.42169039,1,0,0,0
68.6404364,8479.723197,0.581375184,8411.082760599998,1,0,0,0
39.75178064,8884.809637,0.317943254,8845.057856360001,1,0,0,0
84.98269507,1776.632987,0.736441633,1691.6502919299999,1,0,0,0
29.29155594,9784.736554,0.781144516,9755.444998059998,1,0,0,0
22.18984232,5713.487344,0.870535563,5691.29750168,1,0,0,0
64.22877239,5760.887631,0.617371645,5696.65885861,1,0,0,0
23.85431433,4396.076926,0.808571054,4372.222611669999,1,0,0,0
85.99835244,4718.536567,0.884837646,4632.53821456,1,0,0,0
57.86994337,1689.971098,0.93899428,1632.1011546299999,1,0,0,0
88.09696867,4756.907985,0.308543227,4668.81101633,1,0,0,0
10.04748839,2569.129234,0.6342225,2559.08174561,1,0,0,0
24.83845006,3712.16591,0.832166624,3687.32745994,1,0,0,0
47.84508341,9728.453507,0.726989914,9680.60842359,1,0,0,0
14.61512053,8553.037244,0.355147934,8538.42212347,1,0,0,0
60.68884239,3476.682579,0.536998781,3415.99373661,1,0,0,0
61.23217478,5158.860497,0.631937553,5097.62832222,1,0,0,0
93.37250432,4190.332237,0.956500552,4096.959732679999,1,0,0,0
95.76692181,7853.487314,0.066511421,7757.72039219,1,0,0,1
61.88904454,4754.221573,0.791993698,4692.33252846,1,0,0,0
70.86740451,4741.807019,0.221757413,4670.93961449,1,0,0,1
70.95760929,8202.526504,0.012760129,8131.56889471,1,0,0,1
47.59519155,2446.898958,0.948073283,2399.3037664500002,1,0,0,0
84.74839338,9253.478917,0.404160976,9168.73052362,1,0,0,0
64.29960606,8295.281558,0.798586257,8230.98195194,1,0,0,0
59.06558827,5923.741951,0.148080122,5864.67636273,1,0,0,0
59.40095528,8830.491513,0.074913695,8771.090557720001,1,0,0,0
26.18399976,1555.740254,0.397370963,1529.55625424,1,0,0,0
69.17234281,1779.986718,0.49312731,1710.8143751900002,1,0,0,0
60.74497628,3163.58835,0.701630082,3102.84337372,1,0,0,0
60.98699494,8825.817319,0.053330503,8764.83032406,1,0,0,0
99.61607032,2896.257873,0.857362019,2796.64180268,1,0,0,0
84.49928399,1696.877884,0.337558705,1612.37860001,1,0,0,0
37.8730796,3930.467975,0.858293762,3892.5948954,1,0,0,0
38.6931672,8479.723197,0.659418957,8441.0300298,1,0,0,0
45.02844839,4443.037377,0.982233144,4398.008928609999,1,0,0,0
66.47618425,1547.054576,0.197697419,1480.57839175,1,0,0,0
74.41312192,2042.692352,0.101295929,1968.27923008,1,0,0,0
43.45501372,9447.919781,0.125267629,9404.46476728,1,0,0,0
28.34342049,7665.93245,0.625096809,7637.58902951,1,0,0,0
70.00430347,7273.982376,0.145762357,7203.97807253,1,0,0,0
89.08776662,4843.333769,0.034554117,4754.2460023799995,1,0,0,0
66.08579501,5493.960539,0.625373043,5427.87474399,1,0,0,0
76.34999351,3183.466494,0.596434938,3107.11650049,1,0,0,0
60.30707464,4384.800512,0.247108253,4324.49343736,1,0,0,0
33.61255713,8077.878412,0.200797241,8044.26585487,1,0,0,0
41.67071054,2392.922412,0.120625623,2351.25170146,1,0,0,0
47.12640903,2067.485108,0.231796172,2020.3586989699998,1,0,0,0
41.70586082,6025.002661,0.203170173,5983.29680018,1,0,0,0
42.3281186,2546.725196,0.355828937,2504.3970774,1,0,0,0
71.73685913,6040.584197,0.505991109,5968.84733787,1,0,0,0
72.73147248,3812.531832,0.452325798,3739.8003595200003,1,0,0,0
61.13653202,4344.549864,0.830407202,4283.413331979999,1,0,0,1
40.65897855,6807.184598,0.238982719,6766.52561945,1,0,0,0
38.31991504,8191.359573,0.657401533,8153.03965796,1,0,0,0
67.84335713,7409.497597,0.87356087,7341.654239869999,1,0,0,0
39.3115908,5815.458024,0.890460483,5776.1464332,1,0,0,0
70.52010577,6728.011183,0.914123002,6657.49107723,1,0,0,0
81.39167697,5766.570781,0.112416638,5685.17910403,1,0,0,0
41.02830654,7374.113944,0.868558704,7333.08563746,1,0,0,0
63.45304123,3104.726106,0.137837134,3041.27306477,1,0,0,0
71.95418453,4886.010825,0.546664007,4814.05664047,1,0,0,0
74.94314154,1188.952992,0.509208001,1114.00985046,1,0,0,0
29.13719209,6131.253863,0.400621127,6102.11667091,1,0,0,0
30.41243739,9253.478917,0.41106932,9223.06647961,1,0,0,0
94.34946872,9375.112085,0.658093339,9280.76261628,1,0,0,0
25.56289773,4726.937231,0.373162279,4701.37433327,1,0,0,0
95.69370268,2076.807796,0.525605728,1981.11409332,1,0,0,0
35.73345141,8314.951074,0.609594768,8279.21762259,1,0,0,0
60.52724779,7695.154348,0.888280662,7634.62710021,1,0,0,0
16.55367816,9060.932373,0.407726199,9044.37869484,1,0,0,0
27.25433783,7025.452027,0.331661718,6998.197689170001,1,0,0,0
31.80425218,8658.737447,0.379879305,8626.93319482,1,0,0,0
55.76476529,8645.383186,0.671095,8589.61842071,1,0,0,0
72.91097613,8128.690436,0.202927367,8055.77945987,1,0,0,0
71.02737816,4018.773274,0.336903233,3947.7458958400002,1,0,0,0
25.8500697,6991.289067,0.408791456,6965.4389973,1,0,0,0
94.52284776,2989.523514,0.301785244,2895.00066624,1,0,0,0
71.88748429,7794.946322,0.700929704,7723.058837709999,1,0,0,0
60.77755146,7118.115328,0.647234069,7057.33777654,1,0,0,0
83.569956,2240.517799,0.758218468,2156.9478430000004,1,0,0,0
36.83890043,8955.19541,0.58257107,8918.35650957,1,0,0,0
30.50541367,6791.878056,0.311134893,6761.3726423299995,1,0,0,0
15.69921222,3437.697057,0.005158218,3421.99784478,1,0,0,0
97.54709539,4750.725055,0.874249964,4653.17795961,1,0,0,0
28.91461796,7476.98918,0.84730104,7448.074562039999,1,0,0,0
40.36412587,8723.861427,0.468676298,8683.497301129999,1,0,0,0
71.44717322,9618.239693,0.778358584,9546.79251978,1,0,0,0
94.81678806,7264.807041,0.6492773,7169.99025294,1,0,0,0
73.49337233,7984.455062,0.161010285,7910.96168967,1,0,0,0
60.43128926,4061.519364,0.868924936,4001.08807474,1,0,0,0
23.41239454,7450.419004,0.129869081,7427.006609460001,1,0,0,0
60.60671051,8451.465531,0.391291875,8390.85882049,1,0,0,0
83.55191143,4571.53944,0.44308147,4487.98752857,1,0,0,0
16.35898577,4726.937231,0.41288232,4710.57824523,1,0,0,0
28.04993891,1418.305006,0.342783547,1390.25506709,1,0,0,0
83.24582002,3066.436107,0.931545529,2983.19028698,1,0,0,0
12.82681482,5002.071362,0.585258031,4989.244547179999,1,0,0,1
25.00849471,3431.939718,0.161161625,3406.93122329,1,0,0,0
98.39709456,9391.394448,0.514473795,9292.99735344,1,0,0,0
86.78591683,6484.647812,0.528464811,6397.86189517,1,0,0,0
98.50040706,8321.692176,0.014100238,8223.19176894,1,0,0,0
69.88048812,6807.184598,0.030446939,6737.3041098799995,1,0,0,0
58.78615443,4839.488862,0.364703579,4780.70270757,1,0,0,0
76.93007559,6852.231768,0.828533445,6775.301692409999,1,0,0,0
84.73217509,7269.756044,0.627463187,7185.02386891,1,0,0,0
14.19155735,7308.697302,0.626728471,7294.5057446499995,1,0,0,0
41.35418092,8085.065245,0.194982566,8043.71106408,1,0,0,0
79.33627628,9631.517578,0.006908572,9552.18130172,1,0,0,0
26.24046797,8161.50984,0.171855847,8135.269372029999,1,0,0,0
66.95973903,8922.535957,0.009415784,8855.57621797,1,0,0,0
17.82525332,1087.073831,0.961506974,1069.24857768,1,0,0,0
65.62243454,9674.062164,0.337582128,9608.43972946,1,0,0,0
52.91248936,2877.527131,0.519515961,2824.6146416399997,1,0,0,0
54.95473462,1815.834407,0.563647598,1760.87967238,1,0,0,0
57.04065911,8091.736702,0.221038683,8034.69604289,1,0,0,0
11.56714395,3955.560716,0.633906044,3943.99357205,1,0,0,0
50.49006974,1512.263353,0.377557266,1461.77328326,1,0,0,0
26.73357583,4121.316625,0.096967658,4094.5830491700003,1,0,0,0
70.34986,6676.135299,0.668503877,6605.785438999999,1,0,0,0
82.11116076,6552.817253,0.044166624,6470.7060922400005,1,0,0,0
26.71904782,2478.834299,0.240103552,2452.11525118,1,0,0,0
31.73638733,9122.32624,0.974277997,9090.58985267,1,0,0,0
23.73086259,9467.312251,0.481259132,9443.581388409999,1,0,0,0
44.49934478,6506.933648,0.728528758,6462.43430322,1,0,0,0
20.32425877,4698.084284,0.883088006,4677.76002523,1,0,0,0
38.41693891,8351.891277,0.600540485,8313.47433809,1,0,0,1
90.96302096,8351.891277,0.523767715,8260.92825604,1,0,0,0
86.59370537,5113.282347,0.281835867,5026.68864163,1,0,0,0
59.29272528,5745.127919,0.872663009,5685.83519372,1,0,0,0
92.38660637,8773.95694,0.386953239,8681.57033363,1,0,0,0
48.00091683,2727.830525,0.33801668,2679.82960817,1,0,0,0
76.41250123,7327.564,0.819561064,7251.15149877,1,0,0,0
12.79231872,1670.49309,0.233789388,1657.70077128,1,0,0,0
21.93791661,4450.429069,0.368642,4428.49115239,1,0,0,0
73.16714729,4084.721807,0.721038187,4011.55465971,1,0,0,0
62.87433397,1883.486735,0.046924843,1820.61240103,1,0,0,0
12.9547255,7039.274836,0.876656196,7026.3201105,1,0,0,0
11.16708814,3101.509134,0.525809463,3090.34204586,1,0,0,0
76.89786952,6370.257414,0.846636265,6293.359544479999,1,0,0,0
63.34265657,1770.747189,0.784107668,1707.40453243,1,0,0,0
62.90008314,9151.596944,0.934850767,9088.69686086,1,0,0,0
82.94038054,5672.324719,0.801979973,5589.38433846,1,0,0,0
58.10792253,4559.447921,0.933878022,4501.33999847,1,0,0,0
10.58886273,5413.974091,0.031417274,5403.38522827,1,0,0,0
73.61390202,1773.808506,0.071081058,1700.19460398,1,0,0,0
35.2901045,1656.961894,0.931140006,1621.6717895,1,0,0,0
40.22710519,1795.328227,0.316154626,1755.10112181,1,0,0,0
83.69207704,1735.145764,0.414738295,1651.4536869600001,1,0,0,0
27.57822485,9408.482074,0.41545934,9380.90384915,1,0,0,0
53.23106554,9035.12333,0.248708757,8981.89226446,1,0,0,0
44.86059946,2341.710682,0.248070399,2296.8500825399997,1,0,0,0
15.72113143,9447.919781,0.223972831,9432.19864957,1,0,0,0
96.7704106,6215.27275,0.759861663,6118.5023394,1,0,0,0
88.22726088,8451.465531,0.437642417,8363.23827012,1,0,0,0
39.62535994,8722.686489,0.810712768,8683.061129059999,1,0,0,0
91.1696889,8303.773585,0.32673475,8212.603896100001,1,0,0,0
62.87616988,5271.417003,0.772037324,5208.54083312,1,0,0,0
47.28406367,4756.907985,0.953843576,4709.62392133,1,0,0,0
57.86820258,6165.705182,0.158990974,6107.83697942,1,0,0,0
19.42337368,7004.948613,0.800272718,6985.52523932,1,0,0,0
54.4674197,9618.239693,0.806951936,9563.7722733,1,0,0,0
47.22477692,6746.98879,0.219192444,6699.76401308,1,0,0,0
64.70207651,9262.12494,0.348360108,9197.42286349,1,0,0,0
54.6651349,3432.046286,0.116952799,3377.3811511,1,0,0,0
93.9459326,9999.776239,0.071467553,9905.830306400001,1,0,0,0
69.76944625,3527.228703,0.4035191,3457.4592567500003,1,0,0,0
40.1040202,3143.931406,0.610376945,3103.8273858000002,1,0,0,0
60.89811248,7732.401837,0.580813978,7671.50372452,1,0,0,0
44.37900942,2462.046546,0.493223184,2417.66753658,1,0,0,0
70.04776805,8400.252361,0.70614023,8330.20459295,1,0,0,0
36.97154017,1418.305006,0.521515192,1381.33346583,1,0,0,0
12.78702942,7649.649301,0.539950495,7636.86227158,1,0,0,0
58.70630746,8213.344891,0.04313989,8154.638583540001,1,0,0,0
45.96479076,3905.923034,0.282083269,3859.95824324,1,0,0,0
22.08831316,5295.868006,0.73384891,5273.779692839999,1,0,0,0
95.7980331,6507.032237,0.196192359,6411.2342039000005,1,0,0,0
19.07706731,3525.504348,0.800656149,3506.42728069,1,0,0,0
61.48247342,5729.012454,0.675747727,5667.52998058,1,0,0,0
69.91745393,5655.630626,0.351575611,5585.71317207,1,0,0,0
17.90393522,4998.111233,0.772727554,4980.20729778,1,0,0,0
22.27135442,2802.599689,0.494255963,2780.32833458,1,0,0,0
21.08546902,6474.825825,0.478646428,6453.74035598,1,0,0,0
32.92013196,8272.536632,0.159169849,8239.61650004,1,0,0,0
38.41119249,7080.103439,0.804171429,7041.692246510001,1,0,0,0
69.39748499,9246.516979,0.330203713,9177.11949401,1,0,0,0
65.61696394,8573.123086,0.199885053,8507.50612206,1,0,0,0
25.40830021,4961.926429,0.256059743,4936.51812879,1,0,0,0
67.29044395,7268.82735,0.093706878,7201.53690605,1,0,0,0
91.69074023,6741.429339,0.375906225,6649.73859877,1,0,0,0
77.45618082,8149.305816,0.954584982,8071.84963518,1,0,0,0
45.158314,2152.99219,0.678564873,2107.833876,1,0,0,0
93.49535668,4450.39007,0.571474422,4356.89471332,1,0,0,0
53.93116102,8336.538201,0.485176949,8282.60703998,1,0,0,0
81.71166646,5483.470359,0.53919304,5401.75869254,1,0,0,0
59.46381399,9992.495729,0.751191494,9933.03191501,1,0,0,0
14.13938756,1773.808506,0.210671702,1759.6691184400001,1,0,0,0
61.48081499,9402.340679,0.686302465,9340.85986401,1,0,0,0
56.79197048,4886.010825,0.905970188,4829.218854520001,1,0,0,0
54.78567419,9301.241151,0.255605526,9246.45547681,1,0,0,0
23.52117899,7699.460321,0.358194863,7675.939142009999,1,0,0,0
57.82044735,8486.464783,0.647216915,8428.644335649999,1,0,0,0
47.31206588,9938.922919,0.693242014,9891.61085312,1,0,0,0
25.03864029,7502.562161,0.892593983,7477.5235207099995,1,0,0,0
19.7440923,6839.033502,0.334361335,6819.2894097,1,0,0,0
63.1475271,7927.594272,0.173290011,7864.4467449,1,0,0,0
77.02315549,8130.737893,0.630291593,8053.71473751,1,0,0,0
42.6041988,6865.652981,0.325068691,6823.0487822000005,1,0,0,1
98.5949464,7921.752971,0.623865127,7823.1580246,1,0,0,0
29.32097037,4470.138106,0.521600108,4440.81713563,1,0,0,0
26.18436653,4084.721807,0.933887484,4058.53744047,1,0,0,0
10.9330459,3354.518349,0.164968965,3343.5853031,1,0,0,0
53.80042414,4370.431522,0.252487298,4316.6310978599995,1,0,0,0
28.32936502,8467.122623,0.439010743,8438.79325798,1,0,0,0
76.27368429,7224.63212,0.14327047,7148.35843571,1,0,0,0
39.82600629,7980.849544,0.272629749,7941.02353771,1,0,0,0
70.0081014,2342.87435,0.747123806,2272.8662486,1,0,0,0
89.71731744,2077.514821,0.664551097,1987.7975035600002,1,0,0,0
27.2545405,1631.060796,0.301766121,1603.8062555,1,0,0,0
42.27816571,7710.801195,0.330994731,7668.52302929,1,0,0,0
57.13668561,8472.420333,0.469157467,8415.28364739,1,0,0,0
81.49987555,2866.80121,0.501620007,2785.30133445,1,0,0,0
49.10992851,4219.355106,0.264070039,4170.24517749,1,0,0,0
42.02200367,6441.933113,0.272199092,6399.91110933,1,0,0,0
80.51907114,2223.166958,0.918230498,2142.6478868599997,1,0,0,0
95.22332544,1418.001228,0.459526692,1322.77790256,1,0,0,0
77.11603143,4750.725055,0.191402886,4673.60902357,1,0,0,0
59.58695557,7962.410275,0.182236818,7902.82331943,1,0,0,0
44.12676518,7695.154348,0.585180274,7651.02758282,1,0,0,0
69.23669464,7685.510723,0.4805409,7616.274028360001,1,0,0,0
44.09464247,2896.257873,0.56851222,2852.16323053,1,0,0,0
99.77535839,8557.608089,0.832011713,8457.83273061,1,0,0,0
52.99118399,9288.355525,0.476812409,9235.364341010001,1,0,0,0
68.36571539,8612.857297,0.810428829,8544.49158161,1,0,0,0
12.30106821,5363.917913,0.827116639,5351.61684479,1,0,0,0
98.6464022,2392.922412,0.306167111,2294.2760098,1,0,0,0
85.31413995,6484.647812,0.413530827,6399.33367205,1,0,0,0
21.03264936,6435.390885,0.358616666,6414.35823564,1,0,0,1
82.00373953,3152.247787,0.952755619,3070.2440474699997,1,0,0,0
82.16413416,2518.738874,0.764758014,2436.57473984,1,0,0,0
30.56109937,4878.415267,0.853940862,4847.85416763,1,0,0,0
52.69894801,4994.358138,0.289009331,4941.6591899899995,1,0,0,1
66.54225116,6254.404271,0.202894515,6187.86201984,1,0,0,0
66.48799723,4082.516866,0.145004005,4016.02886877,1,0,0,0
74.17323414,8603.321935,0.263899219,8529.14870086,1,0,0,0
66.24446927,8449.539576,0.708116673,8383.29510673,1,0,0,0
18.42478705,5493.960539,0.065989496,5475.535751949999,1,0,0,0
96.40709405,5302.392311,0.000312921,5205.98521695,1,0,0,0
37.37105363,9393.910943,0.251172204,9356.53988937,1,0,0,0
57.89155841,3340.637586,0.365354401,3282.74602759,1,0,0,0
65.14444374,7721.503342,0.261152021,7656.35889826,1,0,0,0
50.94634467,6497.372203,0.762531509,6446.42585833,1,0,0,0
90.15169746,9674.062164,0.252799809,9583.910466540001,1,0,0,0
49.69599608,4741.807019,0.689377719,4692.111022919999,1,0,0,0
71.98504539,1656.961894,0.45039549,1584.97684861,1,0,0,0
39.17632975,3797.734536,0.054476091,3758.55820625,1,0,0,0
50.82386518,7710.801195,0.819214419,7659.97732982,1,0,0,0
85.30076767,2152.99219,0.108578432,2067.69142233,1,0,0,0
80.89642699,6025.002661,0.770579441,5944.106234010001,1,0,0,0
55.69524903,8466.092665,0.707336007,8410.397415970001,1,0,0,0
88.50391549,7649.649301,0.615792114,7561.145385510001,1,0,0,0
75.88625236,7398.457249,0.432446869,7322.57099664,1,0,0,0
35.17601923,4309.686015,0.171011579,4274.50999577,1,0,0,0
62.98349325,4843.333769,0.241380289,4780.35027575,1,0,0,0
97.0455293,8801.922036,0.612281035,8704.8765067,1,0,0,0
76.76312544,4620.924284,0.030501432,4544.161158559999,1,0,0,0
62.16550879,5840.971695,0.453534605,5778.80618621,1,0,0,0
28.50007284,3608.806986,0.925580638,3580.30691316,1,0,0,0
39.91796999,3532.245916,0.728558323,3492.32794601,1,0,0,0
84.4988601,9517.546957,0.615131875,9433.0480969,1,0,0,0
78.29820914,1767.822691,0.894359844,1689.5244818600002,1,0,0,0
79.2026148,5611.751691,0.678399473,5532.5490762,1,0,0,0
50.31919079,2730.96017,0.714337052,2680.64097921,1,0,0,0
18.47913428,9381.145219,0.295140044,9362.66608472,1,0,0,0
55.64896765,5714.503201,0.895843609,5658.854233350001,1,0,0,0
72.41360119,4661.555926,0.328138408,4589.14232481,1,0,0,0
74.32146924,6685.598454,0.610811417,6611.27698476,1,0,0,0
25.97962924,6439.742318,0.457051824,6413.76268876,1,0,0,0
70.54331536,4661.555926,0.729789097,4591.01261064,1,0,0,0
82.50807122,6381.958128,0.97409971,6299.4500567800005,1,0,0,0
57.87803872,3432.046286,0.043564933,3374.16824728,1,0,0,0
27.87987923,3163.58835,0.989508393,3135.70847077,1,0,0,0
22.01321045,5588.049942,0.12327813,5566.03673155,1,0,0,0
14.71386199,7309.477444,0.6844904,7294.76358201,1,0,0,0
44.32303083,9772.83232,0.389607518,9728.509289169999,1,0,0,0
93.92398331,2802.599689,0.003313462,2708.67570569,1,0,0,0
13.9127747,9927.157719,0.909676444,9913.2449443,1,0,0,0
81.80865066,5405.766914,0.661492958,5323.95826334,1,0,0,0
49.68126992,7685.510723,0.468432617,7635.82945308,1,0,0,0
74.02517525,8921.442888,0.018794412,8847.417712749999,1,0,0,0
71.22190552,8400.252361,0.326183993,8329.03045548,1,0,0,0
45.39753679,6089.047769,0.641303091,6043.65023221,1,0,0,0
68.30467543,5493.960539,0.265554035,5425.655863569999,1,0,0,0
30.69954503,5964.380701,0.839810095,5933.68115597,1,0,0,0
55.29436013,9301.241151,0.710809052,9245.94679087,1,0,0,0
58.88182922,9393.910943,0.548974063,9335.029113780001,1,0,0,1
26.43608026,2653.251468,0.986039738,2626.81538774,1,0,0,0
90.48071057,4552.105269,0.249427356,4461.6245584299995,1,0,0,1
90.60563652,8704.182255,0.51226005,8613.57661848,1,0,0,0
88.34186423,9262.12494,0.646370916,9173.78307577,1,0,0,1
36.90222621,2560.12038,0.806757524,2523.2181537899996,1,0,0,0
16.18284657,6847.490921,0.260798918,6831.30807443,1,0,0,0
11.56483628,6463.307957,0.291309745,6451.74312072,1,0,0,0
14.56053751,8236.476448,0.228355122,8221.915910489999,1,0,0,0
40.83608859,9347.479356,0.818134131,9306.64326741,1,0,0,0
10.98045532,9713.657683,0.570423907,9702.67722768,1,0,0,0
68.16151267,1150.295949,0.106593029,1082.13443633,1,0,0,0
51.20871488,1401.272583,0.301136918,1350.0638681199998,1,0,0,0
30.79084604,1828.702205,0.604532605,1797.9113589600001,1,0,0,0
30.6527214,3039.514205,0.373184155,3008.8614836,1,0,0,0
77.36867757,6284.739666,0.658901922,6207.370988430001,1,0,0,0
75.26230757,3967.076794,0.840506175,3891.81448643,1,0,0,0
91.48057444,5160.483332,0.67319504,5069.00275756,1,0,0,0
55.15725947,2203.57628,0.146960704,2148.41902053,1,0,0,0
25.54872914,4335.814032,0.339854609,4310.26530286,1,0,0,0
96.58421669,3583.382688,0.114209413,3486.79847131,1,0,0,0
28.21936015,9279.108538,0.948280598,9250.88917785,1,0,0,0
81.21645066,2802.599689,0.385798342,2721.38323834,1,0,0,0
52.32636057,9447.729498,0.140532315,9395.403137430001,1,0,0,0
42.32786547,4843.333769,0.227419909,4801.00590353,1,0,0,0
79.37134605,1437.942753,0.643175668,1358.57140695,1,0,0,0
11.70508241,6650.956372,0.521977143,6639.25128959,1,0,0,0
93.76508796,4468.344079,0.278422773,4374.578991040001,1,0,0,0
83.14607235,6232.21166,0.589710102,6149.0655876499995,1,0,0,0
81.49217872,6737.496078,0.860162614,6656.00389928,1,0,0,0
27.77692981,3017.781836,0.203641573,2990.00490619,1,0,0,0
99.87930231,9316.953576,0.181264582,9217.07427369,1,0,0,0
62.42142695,6791.878056,0.917046848,6729.45662905,1,0,0,0
87.31040282,4018.773274,0.417110847,3931.46287118,1,0,0,0
30.98023905,1715.321989,0.961552095,1684.3417499500001,1,0,0,0
79.32819586,7580.464855,0.728822952,7501.13665914,1,0,0,0
61.06243509,6089.047769,0.388043042,6027.98533391,1,0,0,0
73.44126229,6507.01784,0.789119433,6433.5765777100005,1,0,0,0
67.27985921,9561.5106,0.027235597,9494.230740789999,1,0,0,0
54.79702936,4886.010825,0.69481616,4831.21379564,1,0,0,0
25.04495445,6865.652981,0.668355417,6840.60802655,1,0,0,0
75.84935112,3055.413021,0.374695658,2979.56366988,1,0,0,0
85.17938663,6381.958128,0.982540305,6296.77874137,1,0,0,0
62.48034582,1767.822691,0.432627872,1705.3423451800002,1,0,0,0
28.50800038,6741.429339,0.878040309,6712.92133862,1,0,0,0
52.44516411,6370.257414,0.751150152,6317.812249889999,1,0,0,0
49.48630479,8361.020819,0.092604556,8311.53451421,1,0,0,0
91.06378341,6721.217429,0.284158998,6630.15364559,1,0,0,0
72.21970366,7545.026043,0.076675851,7472.80633934,1,0,0,0
68.50324359,6741.429339,0.429141081,6672.92609541,1,0,0,0
70.98847724,4726.937231,0.580527475,4655.94875376,1,0,0,0
84.60290527,1111.772167,0.612981294,1027.16926173,1,0,0,1
42.82128467,4878.871298,0.37072232,4836.05001333,1,0,0,0
86.18244075,7156.87092,0.448442838,7070.6884792500005,1,0,0,0
74.49932888,1153.123295,0.82090955,1078.6239661200002,1,0,0,0
92.69624971,8723.861427,0.516422951,8631.16517729,1,0,0,0
21.06319551,9405.638537,0.410235055,9384.575341490001,1,0,0,0
14.71737932,4741.192769,0.021887693,4726.47538968,1,0,0,0
91.57863525,3789.361177,0.580855466,3697.7825417500003,1,0,0,0
28.5922616,5741.223579,0.043997825,5712.631317400001,1,0,0,0
77.68854755,4961.926429,0.327006222,4884.23788145,1,0,0,0
55.96345625,4555.71189,0.838570677,4499.74843375,1,0,0,0
64.79659281,2465.964878,0.312960301,2401.16828519,1,0,0,0
81.03229268,1671.710028,0.925265935,1590.67773532,1,0,0,0
67.69160248,5628.777106,0.96645643,5561.085503519999,1,0,0,1
95.16789027,3527.228703,0.156625593,3432.06081273,1,0,0,1
88.3747832,5745.127919,0.386390887,5656.7531358,1,0,0,0
27.15833861,4698.084284,0.179418118,4670.9259453899995,1,0,0,0
34.24003152,4344.549864,0.953421536,4310.309832479999,1,0,0,0
26.7001678,9411.508717,0.799593791,9384.808549200001,1,0,0,0
24.59553861,3264.953505,0.690255539,3240.35796639,1,0,0,0
32.42837607,6298.296096,0.645936643,6265.86771993,1,0,0,0
11.08226982,1362.037375,0.006563153,1350.9551051800001,1,0,0,0
53.53627805,7251.703804,0.625338781,7198.16752595,1,0,0,0
62.56994925,9318.92957,0.488520704,9256.35962075,1,0,0,0
42.62522076,3214.341695,0.423883508,3171.71647424,1,0,0,0
20.31636361,7118.115328,0.979956138,7097.79896439,1,0,0,0
64.25934478,5964.380701,0.577252288,5900.12135622,1,0,0,0
94.33750212,3227.699686,0.971195211,3133.36218388,1,0,0,0
62.52802726,2417.248389,0.012703006,2354.72036174,1,0,0,0
82.13393909,3097.479303,0.744293024,3015.3453639100003,1,0,0,0
23.62371874,6215.27275,0.892815846,6191.64903126,1,0,0,0
26.79596913,3434.612875,0.814309438,3407.81690587,1,0,0,0
43.16954378,1106.441844,0.19796582,1063.27230022,1,0,0,0
66.42078488,4961.926429,0.408545995,4895.50564412,1,0,0,0
63.92805769,3017.781836,0.436574728,2953.85377831,1,0,0,0
69.73658371,7269.756044,0.060658079,7200.01946029,1,0,0,1
29.95441569,6847.490921,0.680702451,6817.5365053099995,1,0,0,0
40.7670571,3608.806986,0.250249542,3568.0399289,1,0,0,0
41.60341802,8943.379444,0.92836783,8901.77602598,1,0,0,0
62.32262041,1117.747401,0.583444052,1055.4247805900002,1,0,0,0
63.67273678,7251.703804,0.061334441,7188.031067219999,1,0,0,0
61.30719393,1056.301181,0.054920766,994.99398707,1,0,0,1
48.39383554,4351.676293,0.341174199,4303.282457460001,1,0,0,0
39.79126316,4344.549864,0.198231003,4304.758600839999,1,0,0,0
68.89307696,8658.737447,0.642869805,8589.84437004,1,0,0,0
53.20236313,7962.410275,0.087589794,7909.20791187,1,0,0,0
55.19090049,8278.713188,0.231569054,8223.522287509999,1,0,0,0
13.49293078,6363.937936,0.985168006,6350.44500522,1,0,0,0
50.21421192,6238.20632,0.463674585,6187.99210808,1,0,0,0
13.34729469,8128.017215,0.504880056,8114.66992031,1,0,0,0
85.45344521,3400.977724,0.292263812,3315.5242787899997,1,0,0,0
54.75994303,2067.485108,0.2546949,2012.72516497,1,0,0,0
19.97156991,3239.35286,0.406463062,3219.3812900899998,1,0,0,0
33.00075703,5168.955419,0.764401617,5135.9546619699995,1,0,0,0
25.89367976,8128.017215,0.256875691,8102.12353524,1,0,0,0
38.9602813,8128.690436,0.744907306,8089.7301547,1,0,0,0
36.11516423,3448.958441,0.72631912,3412.84327677,1,0,0,0
72.44134982,2042.692352,0.08627543,1970.2510021800001,1,0,0,0
81.2434588,2706.148888,0.929381148,2624.9054292,1,0,0,0
43.09556666,2716.981163,0.019512054,2673.88559634,1,0,0,0
69.53802387,6741.429339,0.507331327,6671.89131513,1,0,0,1
76.25084286,9089.242963,0.356404419,9012.992120140001,1,0,0,0
95.39395604,1373.376304,0.296000448,1277.98234796,1,0,0,0
71.44316988,4322.597495,0.389902999,4251.15432512,1,0,0,0
63.87075935,7269.756044,0.282353043,7205.885284649999,1,0,0,0
49.08200983,1779.986718,0.850092502,1730.90470817,1,0,0,0
13.47108156,1599.229032,0.577930207,1585.75795044,1,0,0,0
50.9573837,5745.088291,0.642748927,5694.1309073,1,0,0,0
97.96558919,8109.977178,0.594546916,8012.01158881,1,0,0,0
46.61407408,4490.14401,0.815737327,4443.52993592,1,0,0,1
86.76120604,9855.674628,0.989993343,9768.91342196,1,0,0,0
31.36778596,8411.644416,0.185319985,8380.27663004,1,0,0,0
60.5596608,6595.920889,0.413844234,6535.3612282,1,0,0,0
44.00389673,1308.381737,0.156087862,1264.37784027,1,0,0,0
50.90991296,3069.644637,0.467342903,3018.73472404,1,0,0,0
23.9290259,3525.504348,0.901224487,3501.5753221,1,0,0,0
16.26661103,2417.248389,0.694634055,2400.9817779699997,1,0,0,1
68.61623599,4122.163756,0.322360767,4053.54752001,1,0,0,0
64.23340292,2342.87435,0.515591943,2278.64094708,1,0,0,0
95.16034882,3026.374452,0.287422654,2931.21410318,1,0,0,0
11.13143952,9447.729498,0.230822883,9436.59805848,1,0,0,0
15.69913528,2420.838315,0.966190384,2405.13917972,1,0,0,0
82.22250996,1279.671577,0.207766552,1197.44906704,1,0,0,0
70.3442734,3214.341695,0.205205558,3143.9974216,1,0,0,0
99.88740974,7308.697302,0.789016952,7208.809892259999,1,0,0,0
77.6985925,8108.965746,0.999047341,8031.2671535,1,0,0,0
85.95300106,7080.103439,0.715677564,6994.15043794,1,0,0,0
90.13649701,8801.922036,0.53913417,8711.78553899,1,0,0,0
24.96246703,9182.873876,0.61187039,9157.91140897,1,0,0,0
66.24543506,8128.017215,0.13959878,8061.77177994,1,0,0,0
97.69235336,9261.10997,0.117943499,9163.41761664,1,0,0,0
62.11099449,6987.997844,0.510140762,6925.8868495100005,1,0,0,0
48.7554423,9246.516979,0.522113547,9197.7615367,1,0,0,0
26.50902844,2152.99219,0.084805375,2126.48316156,1,0,0,0
88.54379953,3367.924924,0.757940704,3279.38112447,1,0,0,0
72.96000415,4974.254753,0.492541901,4901.29474885,1,0,0,0
78.96614976,3282.990205,0.997038134,3204.02405524,1,0,0,0
50.52963957,9476.348062,0.957631359,9425.818422429998,1,0,0,0
36.37560298,4344.549864,0.284793249,4308.17426102,1,0,0,0
89.17189488,2683.909127,0.295708823,2594.73723212,1,0,0,0
61.91953467,6531.558064,0.630767719,6469.63852933,1,0,0,0
60.53439197,9447.729498,0.049006419,9387.19510603,1,0,0,0
29.53436473,8573.123086,0.91088818,8543.58872127,1,0,0,0
14.12019775,3560.170993,0.506327116,3546.05079525,1,0,0,0
22.87701521,5960.806053,0.280444488,5937.929037790001,1,0,0,0
79.74901395,3493.845421,0.122803544,3414.09640705,1,0,0,0
58.16222512,7524.885685,0.678461831,7466.7234598800005,1,0,0,0
83.83365837,4206.19949,0.47715497,4122.36583163,1,0,0,0
56.62474278,3454.648531,0.355158521,3398.02378822,1,0,0,0
35.7485006,2286.281065,0.744004793,2250.5325644,1,0,0,0
13.93228352,3744.641316,0.719278688,3730.70903248,1,0,0,0
39.16310962,2341.710682,0.43010061,2302.54757238,1,0,0,0
66.96487882,1776.632987,0.925980753,1709.66810818,1,0,0,0
72.13300402,6683.679293,0.733387059,6611.54628898,1,0,0,0
56.42487377,1736.468439,0.668801442,1680.04356523,1,0,0,0
40.14843043,2636.680234,0.396079716,2596.5318035699997,1,0,0,0
11.02801847,8894.834913,0.827648102,8883.80689453,1,0,0,0
55.29304756,7144.298708,0.644207567,7089.005660440001,1,0,0,0
37.17132063,4309.686015,0.492191297,4272.51469437,1,0,0,0
38.4598136,9447.919781,0.465919521,9409.4599674,1,0,0,0
53.63922444,6791.878056,0.182685882,6738.238831559999,1,0,0,0
86.04909239,4853.02438,0.574642874,4766.97528761,1,0,0,0
37.21490182,5923.741951,0.317049417,5886.52704918,1,0,0,0
44.50793417,3302.010949,0.747763708,3257.50301483,1,0,0,0
33.63646677,3026.374452,0.826013187,2992.73798523,1,0,0,0
72.3836349,1362.037375,0.846093213,1289.6537401,1,0,0,0
24.99217212,7708.879304,0.283015578,7683.88713188,1,0,0,0
93.97476922,4318.580359,0.976224192,4224.60558978,1,0,0,0
27.48195585,3069.644637,0.265828649,3042.16268115,1,0,0,0
33.67062621,9507.27206,0.030921041,9473.60143379,1,0,0,0
75.52415113,6658.952162,0.003373251,6583.4280108699995,1,0,0,0
69.45279092,1097.423046,0.953190419,1027.97025508,1,0,0,0
57.99982107,7507.00576,0.424632671,7449.00593893,1,0,0,0
27.03667651,4370.431522,0.97716454,4343.39484549,1,0,0,0
72.01022436,5179.000965,0.927048823,5106.99074064,1,0,0,0
53.96785234,6831.410409,0.657232932,6777.44255666,1,0,0,0
50.23584989,2394.859954,0.175377969,2344.62410411,1,0,0,1
91.22936004,9911.337339,0.558391506,9820.107978959999,1,0,0,0
25.97000921,4034.139089,0.680606073,4008.1690797899996,1,0,0,0
58.46823104,7269.756044,0.163365269,7211.287812959999,1,0,0,0
71.40047986,8894.834913,0.218872874,8823.43443314,1,0,0,0
23.09507539,4096.117607,0.393529082,4073.02253161,1,0,0,0
74.2479445,8687.343482,0.966824828,8613.0955375,1,0,0,0
56.11778886,7273.982376,0.356924502,7217.86458714,1,0,0,0
37.10109911,1362.037375,0.407748494,1324.9362758900002,1,0,0,0
53.2582946,7120.616916,0.979642139,7067.3586214,1,0,0,0
86.57748678,7872.506549,0.882698778,7785.92906222,1,0,0,0
34.78006778,7376.854107,0.182422538,7342.0740392200005,1,0,0,0
10.00693256,2169.425935,0.519376548,2159.41900244,1,0,0,0
51.93353982,8723.861427,0.824376126,8671.92788718,1,0,0,0
49.04480496,5611.751691,0.960153789,5562.70688604,1,0,0,0
98.18303499,2146.026721,0.627242776,2047.8436860100003,1,0,0,0
31.85157143,3583.382688,0.657107281,3551.53111657,1,0,0,0
76.74537671,2462.046546,0.000929961,2385.30116929,1,0,0,0
28.03246109,1069.843868,0.850119495,1041.81140691,1,0,0,0
68.65040464,5724.611458,0.035431637,5655.961053360001,1,0,0,0
38.08086936,9517.546957,0.415342633,9479.466087640001,1,0,0,0
94.63416453,3507.492645,0.104404717,3412.85848047,1,0,0,0
26.52114539,2652.931615,0.209245577,2626.41046961,1,0,0,0
80.66698444,4853.02438,0.330830119,4772.3573955599995,1,0,0,0
69.49314652,8695.442858,0.519130295,8625.94971148,1,0,0,0
80.55842031,4443.037377,0.020229668,4362.47895669,1,0,0,0
67.21601848,3017.781836,0.60540593,2950.56581752,1,0,0,0
89.81374722,8077.123546,0.995561768,7987.30979878,1,0,0,0
41.34483462,6060.940447,0.018094673,6019.59561238,1,0,0,0
61.03550803,9960.172528,0.565657333,9899.13701997,1,0,0,0
39.79553881,7484.040653,0.756291391,7444.24511419,1,0,0,0
68.42739649,4220.470749,0.832788084,4152.04335251,1,0,0,0
15.8327504,2711.23292,0.327896833,2695.4001696,1,0,0,0
51.66428112,3272.30647,0.394134616,3220.64218888,1,0,0,0
32.96555787,3715.769255,0.839977547,3682.8036971300003,1,0,0,0
98.14338653,8921.442888,0.838278033,8823.299501469999,1,0,0,0
88.88926748,6658.952162,0.858270809,6570.06289452,1,0,0,0
29.62739351,5707.424545,0.705840646,5677.79715149,1,0,0,0
85.29801409,4698.084284,0.731583187,4612.78626991,1,0,0,0
73.29570994,5042.199848,0.616834777,4968.90413806,1,0,0,0
38.98155367,9253.478917,0.890637165,9214.49736333,1,0,0,0
43.95689754,4370.431522,0.673439377,4326.47462446,1,0,0,0
63.40605444,4620.924284,0.707511001,4557.51822956,1,0,0,0
80.5623025,4552.105269,0.497478381,4471.542966499999,1,0,0,0
49.18725138,8326.149989,0.338050224,8276.962737619999,1,0,0,0
36.48567469,6141.103291,0.417602036,6104.61761631,1,0,0,0
42.72787793,2479.274894,0.950089781,2436.54701607,1,0,0,0
99.57766068,4904.703903,0.074785523,4805.12624232,1,0,0,0
41.82273537,1364.637918,0.16968318,1322.81518263,1,0,0,0
24.13577782,2989.819267,0.177323083,2965.68348918,1,0,0,0
75.26952467,9025.611519,0.445220576,8950.34199433,1,0,0,0
30.65716065,1097.423046,0.488984789,1066.7658853500002,1,0,0,0
72.44945048,8742.259086,0.057999165,8669.80963552,1,0,0,0
80.23266191,7478.912108,0.059333424,7398.67944609,1,0,0,0
91.47555974,8044.236478,0.88978428,7952.76091826,1,0,0,1
81.16725921,8478.783502,0.124704356,8397.61624279,1,0,0,0
63.46015787,7732.131278,0.858134204,7668.6711201299995,1,0,0,0
29.90594921,6608.386988,0.294507214,6578.481038790001,1,0,0,0
64.40294608,7927.594272,0.380838236,7863.19132592,1,0,0,0
59.66022515,2652.931615,0.128318405,2593.27138985,1,0,0,0
66.52474028,7732.401837,0.194696049,7665.877096720001,1,0,0,0
59.56766601,5493.960539,0.59405169,5434.39287299,1,0,0,0
77.9299133,2398.035019,0.943482558,2320.1051057,1,0,0,0
61.68881652,1662.330384,0.980270562,1600.64156748,1,0,0,0
64.08704501,8351.891277,0.739410943,8287.804231990001,1,0,0,0
42.16185142,7509.571038,0.738856917,7467.40918658,1,0,0,0
14.37750118,9411.508717,0.830528609,9397.13121582,1,0,0,0
80.20615386,5112.344414,0.244505595,5032.13826014,1,0,0,0
80.41574164,5095.375076,0.264548949,5014.95933436,1,0,0,0
36.9087393,3367.924924,0.702797545,3331.0161847,1,0,0,0
29.08089494,4061.519364,0.567559011,4032.4384690600004,1,0,0,0
19.35157808,5856.062362,0.57958834,5836.71078392,1,0,0,0
34.44668007,5944.205812,0.129005526,5909.75913193,1,0,0,0
81.41515285,7899.461183,0.806961791,7818.046030150001,1,0,0,0
27.45061976,7980.849544,0.750876042,7953.398924239999,1,0,0,0
65.70225813,5626.572877,0.557724395,5560.87061887,1,0,0,0
50.70097742,6484.647812,0.112426872,6433.9468345800005,1,0,0,0
50.24325458,3238.184097,0.95061644,3187.9408424199996,1,0,0,0
21.14585472,3434.612875,0.762144065,3413.46702028,1,0,0,0
16.43832084,6148.870554,0.511989382,6132.43223316,1,0,0,0
70.30126731,9974.701765,0.338223859,9904.40049769,1,0,0,0
94.24651184,2877.527131,0.752677825,2783.28061916,1,0,0,0
64.08879962,7381.246492,0.20048183,7317.15769238,1,0,0,0
77.26384489,5745.127919,0.139405742,5667.86407411,1,0,0,0
40.31214229,1236.384946,0.848026032,1196.0728037099998,1,0,0,0
84.55259194,2341.710682,0.334052793,2257.1580900599997,1,0,0,0
95.23015278,7025.452027,0.584718748,6930.22187422,1,0,0,0
50.83496652,1165.433335,0.498594114,1114.5983684799999,1,0,0,0
84.60060343,9122.32624,0.500684216,9037.72563657,1,0,0,0
63.53186106,6284.739666,0.427178633,6221.207804940001,1,0,0,0
66.26626491,1670.49309,0.191150764,1604.22682509,1,0,0,0
23.44981816,9316.953576,0.053030731,9293.50375784,1,0,0,0
90.06115336,9713.657683,0.819040772,9623.596529639999,1,0,0,0
25.5279902,8645.383186,0.755851097,8619.855195799999,1,0,0,0
74.06906246,6991.289067,0.277191726,6917.2200045399995,1,0,0,0
26.68493172,9352.655675,0.014121363,9325.97074328,1,0,0,0
87.17606804,8161.50984,0.508621714,8074.3337719599995,1,0,0,0
88.07345454,8928.443453,0.64918903,8840.36999846,1,0,0,0
98.29272329,6089.047769,0.899926645,5990.75504571,1,0,0,0
31.21827454,5564.493481,0.042641379,5533.275206460001,1,0,0,0
84.71865133,8546.33285,0.22904842,8461.61419867,1,0,0,0
53.68389809,2869.689912,0.040817165,2816.0060139099996,1,0,0,0
23.03013371,1815.834407,0.706125649,1792.80427329,1,0,0,0
63.4981407,7144.298708,0.9371213,7080.800567300001,1,0,0,0
87.34495106,2653.251468,0.250291006,2565.90651694,1,0,0,0
15.9001519,3447.117414,0.548205108,3431.2172621,1,0,0,0
36.87927531,4344.549864,0.031933281,4307.67058869,1,0,0,0
13.84681953,4886.010825,0.71679867,4872.16400547,1,0,0,0
11.65782889,8523.485163,0.524216978,8511.82733411,1,0,0,0
21.21036642,3272.30647,0.258438148,3251.09610358,1,0,0,0
45.76941,2351.049693,0.430035594,2305.280283,1,0,0,0
64.09589461,9411.508717,0.477741906,9347.41282239,1,0,0,0
90.38789074,8295.281558,0.403552983,8204.893667260001,1,0,0,0
61.94683437,3443.913149,0.677499876,3381.96631463,1,0,0,0
21.00740165,4053.590461,0.204989381,4032.58305935,1,0,0,1
73.55606662,1150.295949,0.44961668,1076.7398823800002,1,0,0,0
32.23187691,9343.248065,0.661051389,9311.01618809,1,0,0,0
44.88713449,9631.517578,0.756028574,9586.630443510001,1,0,0,0
38.39225462,1098.721299,0.99192332,1060.3290443800001,1,0,0,0
94.58720611,5098.858759,0.560113823,5004.27155289,1,0,0,0
96.52314249,5359.74781,0.856704244,5263.22466751,1,0,0,0
81.69738903,6764.941455,0.270909596,6683.2440659700005,1,0,0,0
56.37654715,4572.646873,0.452892235,4516.27032585,1,0,0,0
80.9096328,2152.99219,0.866765213,2072.0825572,1,0,0,0
23.12363511,5765.640647,0.871908287,5742.5170118900005,1,0,0,0
76.70376581,7321.062182,0.092037327,7244.35841619,1,0,0,0
67.97359142,3789.361177,0.757336491,3721.38758558,1,0,0,0
45.84978421,3101.509134,0.65218791,3055.65934979,1,0,0,0
53.52042338,4152.721122,0.053886102,4099.20069862,1,0,0,0
52.16053454,1795.328227,0.949412755,1743.16769246,1,0,0,0
12.95737151,6631.372808,0.310580017,6618.4154364900005,1,0,0,0
77.58925205,9121.230251,0.260639846,9043.64099895,1,0,0,0
97.58410463,9674.062164,0.363213632,9576.478059370002,1,0,0,0
93.18676505,4115.718544,0.617915351,4022.5317789500004,1,0,0,1
75.05441065,4552.105269,0.24325745,4477.0508583499995,1,0,0,0
26.60635284,3532.245916,0.235232051,3505.63956316,1,0,0,1
19.53460988,2045.057996,0.429643773,2025.52338612,1,0,0,0
63.74348566,1549.51786,0.834768349,1485.77437434,1,0,0,0
84.99494585,1941.726463,0.780380391,1856.73151715,1,0,0,0
43.31408995,8773.95694,0.719368166,8730.64285005,1,0,0,0
59.64679754,1511.707946,0.698554686,1452.06114846,1,0,0,0
67.63454145,4634.373036,0.543714082,4566.73849455,1,0,0,0
43.18297706,6506.933648,0.147295482,6463.75067094,1,0,0,0
88.20869588,1512.263353,0.282833864,1424.05465712,1,0,0,0
50.3617101,6496.108704,0.662685734,6445.7469939,1,0,0,0
88.99270051,2076.807796,0.836650306,1987.81509549,1,0,0,0
74.09706891,8658.737447,0.983743683,8584.64037809,1,0,0,0
13.84485712,5923.741951,0.051073306,5909.89709388,1,0,0,0
12.61147893,3431.939718,0.718794625,3419.32823907,1,0,0,0
34.06316109,8793.538025,0.903843131,8759.47486391,1,0,0,0
35.85949743,5544.569289,0.741182671,5508.70979157,1,0,0,0
42.60535295,9922.291973,0.618523947,9879.686620049999,1,0,0,0
48.22686484,3026.374452,0.302255595,2978.14758716,1,0,0,1
15.06130397,6148.870554,0.831388851,6133.80925003,1,0,0,0
60.22250991,5248.6945,0.305060181,5188.47199009,1,0,0,0
71.16993371,7251.703804,0.759099107,7180.53387029,1,0,0,0
79.37427414,6746.98879,0.077750099,6667.61451586,1,0,0,0
68.36620472,3281.337532,0.371481532,3212.97132728,1,0,0,0
73.97469115,3012.905946,0.9136424,2938.9312548499997,1,0,0,0
61.19374616,5038.910017,0.429079393,4977.71627084,1,0,0,0
98.30041035,9839.150446,0.468831891,9740.850035649999,1,0,0,0
57.99495371,6484.647812,0.415635489,6426.65285829,1,0,0,0
22.0907764,3760.16148,0.105718771,3738.0707036000003,1,0,0,1
13.13171132,7264.807041,0.603067501,7251.67532968,1,0,0,0
82.00241853,7794.946322,0.41092384,7712.94390347,1,0,0,0
31.80866682,9519.477122,0.892658063,9487.66845518,1,0,0,0
18.21201093,1787.742772,0.798681215,1769.5307610700002,1,0,0,0
79.19729957,6370.257414,0.780588311,6291.06011443,1,0,0,0
10.66165127,7080.222039,0.17926758,7069.56038773,1,0,0,0
39.41846624,6453.022256,0.512438576,6413.60378976,1,0,0,0
14.57257613,6381.958128,0.184792798,6367.38555187,1,0,0,0
66.38073202,4571.53944,0.447863528,4505.158707979999,1,0,0,0
59.02928085,7244.499732,0.893001725,7185.47045115,1,0,0,0
29.36376218,3392.42572,0.018542688,3363.0619578200003,1,0,0,0
38.67638286,5745.127919,0.872908594,5706.45153614,1,0,0,0
70.8417938,7417.757201,0.790697158,7346.9154072,1,0,0,0
96.10935116,6303.22948,0.943376543,6207.12012884,1,0,0,0
80.55756596,3104.942852,0.895248016,3024.38528604,1,0,0,0
60.98276949,5084.274001,0.637143022,5023.29123151,1,0,0,0
40.39032929,4915.427164,0.399449742,4875.036834709999,1,0,0,0
85.88659812,9393.910943,0.916374892,9308.024344880001,1,0,0,0
24.17938083,6709.75911,0.186075362,6685.57972917,1,0,0,0
22.62816474,9674.062164,0.327591019,9651.433999260002,1,0,0,0
68.46708139,7795.585807,0.613371354,7727.11872561,1,0,0,0
41.61384355,1611.538315,0.563279464,1569.92447145,1,0,0,0
52.3381079,3552.855147,0.039169703,3500.5170391,1,0,0,0
59.30886679,6341.743797,0.50726069,6282.43493021,1,0,0,0
50.18606437,3767.557888,0.722522348,3717.3718236299997,1,0,0,0
15.8806543,7409.497597,0.910335052,7393.6169426999995,1,0,0,0
93.20692296,2342.87435,0.349553022,2249.66742704,1,0,0,0
49.45007182,6010.648922,0.16939794,5961.198850180001,1,0,0,0
87.01161859,5588.049942,0.85895997,5501.03832341,1,0,0,0
29.32881529,1678.514968,0.285602872,1649.18615271,1,0,0,0
90.00558944,8228.897853,0.281084987,8138.89226356,1,0,0,0
86.31758257,5741.223579,0.734718355,5654.90599643,1,0,0,0
20.44381059,6018.443647,0.029543329,5997.99983641,1,0,0,0
64.60203111,1150.295949,0.880078252,1085.69391789,1,0,0,0
37.54797796,9121.230251,0.645743908,9083.682273040002,1,0,0,0
41.35252404,9674.062164,0.59036323,9632.709639960001,1,0,0,0
31.14535668,8553.037244,0.293700679,8521.89188732,1,0,0,0
95.96496004,7347.086687,0.508452402,7251.12172696,1,0,0,0
69.01355852,4886.010825,0.728015487,4816.997266480001,1,0,0,0
19.87674988,1290.323059,0.266778431,1270.44630912,1,0,0,0
96.29979162,7067.831609,0.512483398,6971.53181738,1,0,0,0
75.16445867,9088.738359,0.367740211,9013.57390033,1,0,0,0
93.63304034,9352.655675,0.9603636,9259.02263466,1,0,0,0
89.91562519,4370.431522,0.311223759,4280.5158968099995,1,0,0,0
